,Number of movements ;  Permanent Arrivals ;,Number of movements ;  Long-term Residents returning ;,Number of movements ;  Long-term Visitors arriving ;,Number of movements ;  Permanent and Long-term Arrivals ;,Number of movements ;  Short-term Residents returning ;,Number of movements ;  Short-term Residents returning ;,Number of movements ;  Short-term Residents returning ;,Number of movements ;  Short-term Visitors arriving ;,Number of movements ;  Short-term Visitors arriving ;,Number of movements ;  Short-term Visitors arriving ;,Number of movements ;  Total Arrivals ;
Unit,Number,Number,Number,Number,Number,Number,Number,Number,Number,Number,Number
Series Type,Original,Original,Original,Original,Original,Seasonally Adjusted,Trend,Original,Seasonally Adjusted,Trend,Original
Data Type,FLOW,FLOW,FLOW,FLOW,FLOW,FLOW,FLOW,FLOW,FLOW,FLOW,FLOW
Frequency,Month,Month,Month,Month,Month,Month,Month,Month,Month,Month,Month
Collection Month,1,1,1,1,1,1,1,1,1,1,1
Series Start,Jan-1976,Jan-1976,Jan-1976,Jan-1976,Jan-1976,Jan-1976,Jan-1976,Jan-1976,Jan-1976,Jan-1976,Jan-1976
Series End,Feb-2020,Feb-2020,Feb-2020,Feb-2020,Feb-2020,Feb-2020,Jan-2020,Feb-2020,Feb-2020,Jan-2020,Feb-2020
No. Obs,530,530,530,530,530,530,529,530,530,529,530
Series ID,A85232567K,A85232562X,A85232555A,A85232568L,A85232565F,A85377103W,A85378045C,A85375847A,A85375533K,A85376475T,A85232561W
Jan-1976,3780,5380,2750,11910,143400,0,0,47700,0,0,203000
Feb-1976,3900,4190,2730,10820,76400,0,0,49900,0,0,137000
Mar-1976,4790,4250,1940,10980,61900,0,0,46100,0,0,119000
Apr-1976,3790,3490,1620,8900,55900,0,0,37300,0,0,102100
May-1976,4680,4190,1890,10760,80600,0,0,37600,0,0,129000
Jun-1976,3720,3620,1790,9130,61000,0,0,30100,0,0,100200
Jul-1976,4600,4720,1640,10960,70600,0,0,35100,0,0,116700
Aug-1976,4750,5130,1890,11770,88300,0,0,44100,0,0,144200
Sep-1976,4470,4740,1890,11100,113500,0,0,36100,0,0,160600
Oct-1976,6070,5550,1790,13410,97500,0,0,46800,0,0,157700
Nov-1976,6080,5100,1590,12770,65600,0,0,53700,0,0,132100
Dec-1976,7660,9540,1780,18970,53600,0,0,67400,0,0,139900
Jan-1977,6200,5850,3540,15600,155400,0,0,48600,0,0,219600
Feb-1977,6580,4130,3640,14360,70700,0,0,48400,0,0,133500
Mar-1977,6560,4070,2340,12970,57200,0,0,50600,0,0,120800
Apr-1977,6370,3530,2110,12010,56600,0,0,41700,0,0,110300
May-1977,6280,3560,1990,11840,67800,0,0,36200,0,0,115900
Jun-1977,5260,3280,1920,10460,66800,0,0,31700,0,0,109000
Jul-1977,6030,4650,2080,12750,77800,0,0,40800,0,0,131400
Aug-1977,4870,4660,2140,11670,85800,0,0,42800,0,0,140200
Sep-1977,5670,4450,2180,12310,117100,0,0,37500,0,0,166900
Oct-1977,6900,4930,1900,13740,90900,0,0,45900,0,0,150500
Nov-1977,5950,5280,1830,13060,74400,0,0,65100,0,0,152600
Dec-1977,8970,9300,1790,20060,53000,0,0,74000,0,0,147100
Jan-1978,6280,5410,3760,15450,143200,0,0,49900,0,0,208500
Feb-1978,5670,4070,3340,13070,69800,0,0,51900,0,0,134700
Mar-1978,6080,4020,2820,12920,60700,0,0,55000,0,0,128600
Apr-1978,5400,3430,2200,11020,62900,0,0,41900,0,0,115800
May-1978,5970,3610,2030,11610,83000,0,0,41400,0,0,136000
Jun-1978,5390,3500,1970,10860,70500,0,0,34800,0,0,116200
Jul-1978,5840,4480,2290,12610,84800,0,0,44300,0,0,141700
Aug-1978,5420,4780,2310,12510,90500,0,0,49700,0,0,152800
Sep-1978,5560,4570,2110,12250,125900,0,0,45900,0,0,184000
Oct-1978,5510,4960,1970,12450,99400,0,0,52900,0,0,164800
Nov-1978,5020,5270,1700,11990,79600,0,0,71500,0,0,163100
Dec-1978,6270,9840,1890,18000,59300,0,0,91400,0,0,168600
Jan-1979,5050,6880,6540,18460,155000,0,0,54600,0,0,228000
Feb-1979,5340,4430,4600,14380,76400,0,0,60300,0,0,151100
Mar-1979,5860,4300,3290,13450,72200,0,0,65300,0,0,151000
Apr-1979,5300,3860,2470,11630,73200,0,0,55600,0,0,140500
May-1979,5620,3760,2510,11890,97300,0,0,54500,0,0,163600
Jun-1979,6390,3820,2380,12590,88200,0,0,53400,0,0,154200
Jul-1979,5410,4790,2260,12460,89500,0,0,70200,0,0,172100
Aug-1979,6220,4430,1960,12610,98000,0,0,66800,0,0,177400
Sep-1979,5940,4510,2160,12610,130500,0,0,58000,0,0,201100
Oct-1979,6540,5170,1930,13640,105500,0,0,66000,0,0,185200
Nov-1979,6790,5590,1740,14120,93000,0,0,80000,0,0,187100
Dec-1979,7780,9900,1600,19280,65600,0,0,108700,0,0,193500
Jan-1980,6410,5400,3910,15720,150500,0,0,66000,0,0,232200
Feb-1980,6420,4430,4390,15240,88100,0,0,82200,0,0,185600
Mar-1980,7360,4410,3370,15140,90900,0,0,86800,0,0,192900
Apr-1980,7480,3850,2090,13410,82500,0,0,61800,0,0,157700
May-1980,7360,3540,2170,13080,99700,0,0,60700,0,0,173500
Jun-1980,7040,3940,2000,12980,95200,0,0,69700,0,0,177900
Jul-1980,7420,4280,2230,13930,94200,0,0,77300,0,0,185500
Aug-1980,8080,4570,2380,15020,99800,0,0,70000,0,0,184800
Sep-1980,8020,3980,2130,14130,118300,0,0,60900,0,0,193300
Oct-1980,9200,4710,2030,15930,110700,0,0,71900,0,0,198500
Nov-1980,10080,6230,2150,18460,97900,0,0,84800,0,0,201200
Dec-1980,9630,9420,2180,21240,66900,0,0,112600,0,0,200700
Jan-1981,9990,5480,4720,20200,143400,0,0,69600,0,0,233200
Feb-1981,7930,4320,4980,17230,84200,0,0,78700,0,0,180100
Mar-1981,11850,4870,3680,20400,90100,0,0,84300,0,0,194800
Apr-1981,9060,3730,2410,15200,86800,0,0,67800,0,0,169800
May-1981,9680,4160,2620,16460,98200,0,0,63100,0,0,177800
Jun-1981,9740,4120,2710,16570,97200,0,0,72600,0,0,186400
Jul-1981,9510,4590,2230,16330,93400,0,0,81200,0,0,190900
Aug-1981,10240,4600,2550,17390,96100,0,0,75000,0,0,188500
Sep-1981,9720,4280,2250,16260,113600,0,0,62800,0,0,192600
Oct-1981,10700,4430,2270,17410,111700,0,0,80300,0,0,209300
Nov-1981,10860,5910,2040,18810,97400,0,0,88300,0,0,204600
Dec-1981,9430,8910,2090,20430,69300,0,0,113100,0,0,202800
Jan-1982,11420,5910,5140,22470,150600,0,0,79200,0,0,252300
Feb-1982,9160,4070,5910,19150,86700,0,0,79200,0,0,185100
Mar-1982,9610,4270,3230,17110,89400,0,0,84500,0,0,191000
Apr-1982,9790,3710,2420,15920,91800,0,0,82700,0,0,190500
May-1982,9320,3650,2350,15320,101600,0,0,61700,0,0,178600
Jun-1982,8250,3520,2280,14060,98500,0,0,63600,0,0,176200
Jul-1982,9250,4360,2540,16150,112100,0,0,83600,0,0,211900
Aug-1982,9290,4050,2470,15820,109200,0,0,75700,0,0,200800
Sep-1982,7660,3550,2420,13630,130900,0,0,66100,0,0,210600
Oct-1982,8480,4240,2180,14910,120300,0,0,78200,0,0,213400
Nov-1982,8170,4570,1740,14480,97400,0,0,88500,0,0,200400
Dec-1982,6760,7870,1570,16200,71100,0,0,111600,0,0,198900
Jan-1983,9100,4990,5230,19310,151000,0,0,80900,0,0,251200
Feb-1983,6870,3180,5310,15360,84600,0,0,78400,0,0,178300
Mar-1983,6950,3190,2640,12780,85100,0,0,75700,0,0,173600
Apr-1983,7310,3120,1600,12040,88000,0,0,70400,0,0,170300
May-1983,6710,2750,1510,10970,98000,0,0,58500,0,0,167400
Jun-1983,6460,3120,1520,11100,93300,0,0,62700,0,0,167100
Jul-1983,6280,4110,1770,12150,102800,0,0,84000,0,0,199000
Aug-1983,6130,3800,1710,11640,99900,0,0,80500,0,0,192000
Sep-1983,5250,3390,1790,10420,126500,0,0,63100,0,0,200000
Oct-1983,5660,3860,1430,10960,127300,0,0,79700,0,0,217900
Nov-1983,5810,4330,1360,11490,90700,0,0,92300,0,0,194500
Dec-1983,5880,7960,1510,15350,72700,0,0,117600,0,0,205600
Jan-1984,5720,5210,4450,15370,160200,0,0,78700,0,0,254200
Feb-1984,5170,3650,5810,14640,88700,0,0,84500,0,0,187900
Mar-1984,5760,3180,2360,11300,84000,0,0,82400,0,0,177700
Apr-1984,5570,3130,1550,10240,94100,0,0,83300,0,0,187600
May-1984,5300,2940,1820,10060,113900,0,0,71500,0,0,195500
Jun-1984,6300,3620,1740,11660,100300,0,0,74700,0,0,186600
Jul-1984,5950,4120,1950,12020,115500,0,0,85500,0,0,213000
Aug-1984,6630,4120,1860,12610,118600,0,0,75100,0,0,206300
Sep-1984,6410,3780,1990,12190,158600,0,0,68700,0,0,239400
Oct-1984,6390,4310,1840,12550,139800,0,0,86800,0,0,239100
Nov-1984,6560,5130,1650,13340,112600,0,0,98300,0,0,224300
Dec-1984,7350,8350,1860,17560,88400,0,0,125700,0,0,231700
Jan-1985,5870,5480,5080,16440,182000,0,0,82600,0,0,281000
Feb-1985,6400,3890,5650,15930,106500,0,0,98800,0,0,221200
Mar-1985,6930,3920,3320,14170,100500,0,0,105400,0,0,220100
Apr-1985,6280,3230,2180,11690,100000,0,0,83900,0,0,195600
May-1985,6230,3300,2210,11740,122100,0,0,75700,0,0,209500
Jun-1985,6500,4130,2390,13020,116600,0,0,75400,0,0,205000
Jul-1985,6120,4520,2530,13160,125600,0,0,83100,0,0,221900
Aug-1985,7040,4480,2480,14000,132800,0,0,82900,0,0,229600
Sep-1985,6930,4030,2750,13710,167900,0,0,77300,0,0,258900
Oct-1985,7550,4590,2200,14340,147000,0,0,105700,0,0,267000
Nov-1985,7770,5550,2040,15360,112100,0,0,121900,0,0,249300
Dec-1985,8380,8550,2070,18990,81700,0,0,150000,0,0,250600
Jan-1986,8120,5520,5640,19280,186500,0,0,98000,0,0,303700
Feb-1986,7220,4050,6260,17540,102000,0,0,118000,0,0,237500
Mar-1986,8890,4400,3520,16820,96100,0,0,129500,0,0,242400
Apr-1986,7880,3300,2620,13790,100500,0,0,110600,0,0,224900
May-1986,8130,3400,2580,14120,119000,0,0,91700,0,0,224900
Jun-1986,8560,4160,2570,15290,114500,0,0,94800,0,0,224700
Jul-1986,8910,4440,2780,16140,128800,0,0,109500,0,0,254500
Aug-1986,9190,4060,2690,15940,148200,0,0,105100,0,0,269300
Sep-1986,8520,3850,2720,15090,167700,0,0,95000,0,0,277700
Oct-1986,9480,4320,2400,16200,147900,0,0,130300,0,0,294400
Nov-1986,9620,5260,2040,16920,117500,0,0,156700,0,0,291200
Dec-1986,8800,8530,2240,19570,84600,0,0,190100,0,0,294200
Jan-1987,9750,5230,5310,20290,186700,0,0,139700,0,0,346700
Feb-1987,9220,3720,6610,19550,110100,0,0,147800,0,0,277500
Mar-1987,10400,3780,3080,17260,102400,0,0,145200,0,0,264900
Apr-1987,9530,3620,2510,15660,111300,0,0,132700,0,0,259700
May-1987,10190,3180,2490,15860,110700,0,0,120700,0,0,247300
Jun-1987,9930,3600,2470,15990,107900,0,0,116500,0,0,240400
Jul-1987,9930,4470,3260,17650,156500,0,0,142000,0,0,316200
Aug-1987,11110,4010,3060,18180,149100,0,0,140400,0,0,307700
Sep-1987,11860,3730,2770,18350,156800,0,0,128000,0,0,303100
Oct-1987,11540,4430,3160,19140,183800,0,0,165700,0,0,368600
Nov-1987,12970,5410,2520,20900,122600,0,0,183100,0,0,326600
Dec-1987,11860,8410,2520,22780,88500,0,0,222800,0,0,334100
Jan-1988,14160,5560,7330,27050,196400,0,0,161300,0,0,384800
Feb-1988,11840,3910,6430,22170,112200,0,0,180400,0,0,314800
Mar-1988,12780,3860,3960,20590,107600,0,0,185200,0,0,313400
Apr-1988,12580,3450,3300,19320,121000,0,0,160500,0,0,300800
May-1988,11470,3380,2640,17490,104000,0,0,157100,0,0,278600
Jun-1988,11380,4190,3060,18630,118700,0,0,163800,0,0,301200
Jul-1988,12490,4640,4090,21220,162400,0,0,203300,0,0,386900
Aug-1988,13560,3910,3220,20690,136900,0,0,196900,0,0,354400
Sep-1988,12780,4220,3600,20600,160600,0,0,179600,0,0,360800
Oct-1988,12660,4220,3660,20550,188400,0,0,207300,0,0,416200
Nov-1988,13010,5120,3070,21190,128600,0,0,208000,0,0,357800
Dec-1988,12860,8540,2980,24380,101200,0,0,245800,0,0,371400
Jan-1989,12600,5240,8190,26030,222200,0,0,168900,0,0,417200
Feb-1989,10790,3770,8080,22640,129100,0,0,191100,0,0,342800
Mar-1989,11650,3670,3930,19240,132100,0,0,180000,0,0,331400
Apr-1989,11350,3250,3720,18310,141100,0,0,160100,0,0,319500
May-1989,10180,3040,3020,16240,121200,0,0,136600,0,0,274000
Jun-1989,11400,4190,3210,18800,139700,0,0,142700,0,0,301200
Jul-1989,10740,4400,4870,20020,197900,0,0,175400,0,0,393300
Aug-1989,11500,4140,3680,19330,159000,0,0,161400,0,0,339800
Sep-1989,10620,3970,3540,18140,187300,0,0,149900,0,0,355400
Oct-1989,9740,4210,3630,17580,218000,0,0,174100,0,0,409600
Nov-1989,10770,4960,3510,19230,151400,0,0,192700,0,0,363300
Dec-1989,9730,8600,4160,22490,113700,0,0,247400,0,0,383600
Jan-1990,9890,5490,8610,23990,252600,0,0,176200,0,0,452800
Feb-1990,9220,3980,10040,23250,155600,0,0,192800,0,0,371600
Mar-1990,9610,3630,3840,17080,137500,0,0,189100,0,0,343700
Apr-1990,10250,3560,4240,18050,158600,0,0,181100,0,0,357700
May-1990,9060,2930,3240,15230,144800,0,0,149900,0,0,309900
Jun-1990,10100,4080,3360,17540,149700,0,0,157300,0,0,324600
Jul-1990,10390,4790,5650,20830,211600,0,0,185300,0,0,417800
Aug-1990,11320,4440,3770,19540,182000,0,0,178200,0,0,379700
Sep-1990,10390,4420,3530,18340,205800,0,0,162700,0,0,386900
Oct-1990,9990,4570,3750,18300,230800,0,0,190600,0,0,439700
Nov-1990,10650,4960,3040,18650,157200,0,0,198600,0,0,374400
Dec-1990,10700,9510,3050,23260,123000,0,0,253100,0,0,399400
Jan-1991,9680,6250,8740,24670,260000,0,0,177400,182600,177200,462100
Feb-1991,9690,4430,10250,24370,135100,0,0,190600,176600,180300,350100
Mar-1991,10890,4480,4070,19450,141300,0,0,189200,179000,184200,350000
Apr-1991,8050,3270,3590,14900,124000,0,0,168000,183200,188800,306900
May-1991,9410,3510,2860,15780,131600,0,0,161400,196900,194100,308800
Jun-1991,10530,4440,3350,18320,151700,0,0,172200,205400,199700,342200
Jul-1991,11290,5030,6140,22450,196800,0,0,208300,205100,204800,427600
Aug-1991,10900,4600,4080,19580,169100,0,0,199300,207700,208500,388000
Sep-1991,9440,4550,4080,18070,184600,0,0,197400,217700,210800,400100
Oct-1991,9010,4830,4330,18170,225500,0,0,216000,204800,211900,459600
Nov-1991,8740,5770,3960,18470,164300,0,0,223900,213200,212600,406700
Dec-1991,9010,10120,3890,23010,125600,0,0,266800,203200,203300,415300
Jan-1992,8410,6400,10030,24840,256900,0,0,196100,197700,204200,477800
Feb-1992,8740,5030,13680,27450,146600,0,0,238200,209400,205700,412300
Mar-1992,7600,4390,4010,16000,141900,0,0,217800,205600,207600,375700
Apr-1992,8480,4270,3850,16600,158900,0,0,203800,211400,209500,379300
May-1992,7770,3680,3020,14470,152300,0,0,175200,216400,211000,342000
Jun-1992,7990,4270,2810,15070,150000,0,0,176900,212300,212200,342000
Jul-1992,8320,5650,6710,20680,222400,0,0,219300,216300,213500,462400
Aug-1992,7940,4800,3550,16290,188100,0,0,199100,210300,215300,403500
Sep-1992,7050,5090,3260,15410,202800,0,0,190000,217400,218000,408200
Oct-1992,6830,5270,3690,15800,246500,0,0,229300,220900,221500,491600
Nov-1992,7080,6310,2630,16020,169700,0,0,255000,234800,225500,440700
Dec-1992,8030,11000,2810,21840,130300,0,0,302400,231100,229500,454600
Jan-1993,5460,6990,9170,21620,273800,0,0,242800,242600,233400,538200
Feb-1993,5020,5260,13450,23730,161800,0,0,245500,235000,236700,431000
Mar-1993,5440,5220,3290,13940,143100,0,0,257900,245000,239400,415000
Apr-1993,4980,4710,3790,13470,165800,0,0,226300,235600,241400,405600
May-1993,5160,4090,2600,11850,154100,0,0,213400,262100,243100,379400
Jun-1993,5030,5210,2890,13130,159900,0,0,204600,242500,244900,377700
Jul-1993,5880,6520,7130,19520,227800,0,0,244600,240600,247100,491900
Aug-1993,5950,5760,3520,15230,182500,0,0,239900,251000,249900,437700
Sep-1993,5700,5470,3410,14580,200500,0,0,224000,251600,253200,439200
Oct-1993,5500,5890,3740,15120,252400,0,0,267200,261000,256700,534700
Nov-1993,5780,6950,2900,15640,162900,0,0,285900,265700,260300,464400
Dec-1993,5790,11380,2940,20100,130400,0,0,344000,264500,263500,494500
Jan-1994,5670,7350,10420,23440,275000,0,0,250500,251500,266000,549000
Feb-1994,5390,5850,13510,24760,159600,0,0,304300,270500,268000,488600
Mar-1994,5750,5780,3750,15280,158200,0,0,307400,280400,269500,480900
Apr-1994,5480,4880,4240,14610,170700,0,0,255100,276600,271000,440400
May-1994,5840,4270,2990,13100,157800,0,0,214900,266600,273000,385800
Jun-1994,7040,5520,3440,16000,167700,0,0,230900,270600,275900,414600
Jul-1994,6690,7230,8790,22700,240800,0,0,282500,280200,279500,546000
Aug-1994,6970,5820,3900,16680,190400,0,0,265400,284600,283500,472500
Sep-1994,7220,6110,3870,17200,214800,0,0,254000,293500,287400,486000
Oct-1994,6930,6280,4300,17520,254200,0,0,301600,293700,290500,573300
Nov-1994,7360,7100,3370,17830,173100,0,0,311000,292600,292400,501900
Dec-1994,7610,11870,3330,22810,140300,0,0,384000,294400,293600,547100
Jan-1995,7660,8030,11100,26800,285100,0,0,303800,300000,294600,615700
Feb-1995,7110,5910,16590,29600,175200,0,0,319100,292400,296000,523800
Mar-1995,7320,5220,4390,16930,167600,0,0,313500,299400,298100,498100
Apr-1995,7790,5620,5040,18450,186700,0,0,294200,300800,301100,499300
May-1995,6890,4390,3450,14720,175100,0,0,244800,306100,304400,434700
Jun-1995,7900,5480,3920,17290,183700,0,0,261400,306800,307500,462400
Jul-1995,8420,6950,11470,26840,247200,0,0,329700,315300,310500,603800
Aug-1995,8210,5610,4510,18330,202300,0,0,304900,319600,312700,525500
Sep-1995,8250,6070,4470,18790,232700,0,0,268600,311600,315400,520000
Oct-1995,8660,6240,5090,19990,272700,0,0,320700,312700,318300,613300
Nov-1995,8960,7050,4060,20080,187600,0,0,342900,323600,321700,550600
Dec-1995,9800,12230,4110,26130,155000,0,0,422300,326000,325600,603400
Jan-1996,9400,7600,13680,30670,312900,0,0,317200,326800,330000,660700
Feb-1996,8200,6320,17320,31840,184500,0,0,392700,333900,334600,609000
Mar-1996,8420,5670,6060,20150,185900,0,0,365600,350800,339000,571600
Apr-1996,7170,5180,5350,17700,208400,0,0,333200,349600,342800,559300
May-1996,6330,4370,3670,14370,179700,0,0,261500,327600,345700,455600
Jun-1996,7300,5930,4600,17830,200700,0,0,306900,354500,347500,525400
Jul-1996,7530,6760,13070,27360,261300,0,0,358200,344400,348500,646900
Aug-1996,7740,5590,5220,18550,226300,0,0,329200,349500,349200,574100
Sep-1996,7420,5980,5050,18450,251100,0,0,309200,345900,350000,578700
Oct-1996,7510,6430,6200,20130,302100,0,0,350400,344300,351400,672500
Nov-1996,7640,7480,4460,19580,214100,0,0,375600,358700,353200,609300
Dec-1996,7830,12710,4160,24700,168700,0,0,465200,358400,355000,658600
Jan-1997,7290,7680,15120,30090,330800,0,0,342900,353100,356400,703800
Feb-1997,6640,6190,19720,32550,194800,0,0,408000,366100,357300,635300
Mar-1997,7350,6240,6490,20080,208200,0,0,390900,360300,357800,619200
Apr-1997,6460,4800,6040,17300,209200,0,0,325900,350200,358400,552400
May-1997,6140,4600,4400,15140,197500,0,0,289100,360300,359700,501700
Jun-1997,6220,5720,5150,17090,222000,0,0,308200,357200,361500,547200
Jul-1997,6520,6940,14780,28240,285100,0,0,397400,374300,363100,710700
Aug-1997,6460,5960,5980,18390,244200,0,0,330400,355400,360900,593000
Sep-1997,6250,6330,5910,18480,270600,0,0,330900,374700,361500,620000
Oct-1997,6040,6670,6850,19560,324200,0,0,366500,366300,361800,710200
Nov-1997,6230,7440,5170,18830,235500,0,0,379500,356600,362200,633800
Dec-1997,6660,13230,4580,24480,175200,0,0,448300,349100,345200,647900
Jan-1998,7040,8430,14550,30020,336000,0,0,346200,345100,343200,712200
Feb-1998,6170,6120,22030,34310,223800,0,0,353600,341700,345200,611700
Mar-1998,6400,5900,6780,19080,217200,0,0,338600,321300,347000,574800
Apr-1998,6410,6100,6520,19030,237700,0,0,341100,356400,348100,597800
May-1998,6160,5070,4990,16210,233300,0,0,283400,356000,348100,532900
Jun-1998,7010,6170,5630,18810,237300,0,0,304200,349400,347600,560400
Jul-1998,7430,5870,15950,29250,295100,0,0,372300,354300,347000,696700
Aug-1998,6940,4650,7790,19380,271000,0,0,323700,345300,346700,614100
Sep-1998,6680,5100,7220,19000,285900,0,0,323900,360500,347000,628700
Oct-1998,6920,5280,8300,20490,355800,0,0,354800,348800,348300,731000
Nov-1998,6550,5960,6370,18870,251400,0,0,367900,344700,350600,638200
Dec-1998,7380,10670,5890,23930,199300,0,0,457600,351700,353400,680900
Jan-1999,7930,5750,18230,31910,371500,0,0,351000,362900,356300,754300
Feb-1999,6930,5360,20790,33080,221700,0,0,398600,362200,359000,653400
Mar-1999,7100,5250,8090,20440,226300,0,0,389000,365500,361400,635700
Apr-1999,6650,4360,8030,19040,248700,0,0,334100,356800,363900,601900
May-1999,6920,4360,6420,17710,234200,0,0,298100,371000,367000,550000
Jun-1999,6730,5300,6820,18850,230800,0,0,317100,365700,371000,566700
Jul-1999,7580,6480,18100,32160,314300,0,0,388500,370400,375800,734900
Aug-1999,7840,5690,7790,21310,268500,0,0,355600,387400,380500,645400
Sep-1999,7600,6250,7930,21780,299300,0,0,353100,390700,384100,674200
Oct-1999,7500,6490,9260,23250,356000,0,0,397000,386300,386000,776200
Nov-1999,7260,8340,7450,23040,246700,0,0,416700,389600,386500,686400
Dec-1999,7980,12500,6830,27300,208300,0,0,460800,356400,386700,696400
Jan-2000,9990,6610,18550,35150,357500,0,0,360800,371100,387600,753400
Feb-2000,7240,5820,24810,37880,236500,0,0,434600,387600,390000,708900
Mar-2000,7170,5310,8350,20830,230800,0,0,411900,394900,394000,663500
Apr-2000,7800,6080,8440,22320,279600,0,0,405600,420800,398200,707500
May-2000,7010,4560,7550,19120,256100,0,0,319300,405600,401600,594500
Jun-2000,7310,5520,8150,20980,246400,0,0,347900,405100,403200,615300
Jul-2000,8240,6690,19790,34720,330400,0,0,429000,402400,404800,794200
Aug-2000,8650,6290,8620,23570,283000,0,0,372900,401900,406400,679400
Sep-2000,7260,5960,8730,21950,328400,0,0,403000,459100,408500,753300
Oct-2000,8280,6240,10940,25460,369600,0,0,426500,414800,410900,821600
Nov-2000,8100,7540,8200,23840,275800,0,0,459900,426300,413400,759500
Dec-2000,10120,13690,7930,31740,228900,0,0,559900,419100,415300,820600
Jan-2001,11740,8060,22850,42650,415500,0,0,416600,412400,416100,874800
Feb-2001,11760,6090,29810,47660,256300,0,0,429200,417800,416000,733100
Mar-2001,7920,6150,11720,25790,253100,0,0,428700,410700,415700,707600
Apr-2001,8540,5960,11320,25810,288200,0,0,405400,422600,415700,719300
May-2001,9540,4530,8550,22620,250200,0,0,330200,409100,415700,603000
Jun-2001,7210,5700,9850,22760,263600,0,0,370000,439000,414800,656300
Jul-2001,7900,6670,24450,39030,349400,0,0,446900,427300,412100,835300
Aug-2001,7580,6120,11090,24790,288500,0,0,384600,417500,407600,697900
Sep-2001,7350,6680,10910,24940,314700,0,0,366300,402900,402100,705900
Oct-2001,7020,6770,11870,25660,346100,0,0,378500,372500,396900,750300
Nov-2001,6760,7720,8870,23350,225700,0,0,376200,351200,393500,625200
Dec-2001,7570,14680,9120,31360,198700,0,0,523200,390000,392800,753200
Jan-2002,7980,7810,25030,40820,367500,0,0,379300,397400,394700,787600
Feb-2002,6880,7240,29610,43730,227200,0,0,437200,394700,398000,708100
Mar-2002,7310,7440,14660,29400,253900,0,0,446500,409800,401200,729800
Apr-2002,7080,5580,11380,24030,265600,0,0,360300,400200,403100,649900
May-2002,7300,5290,8870,21460,246900,0,0,329900,415900,403600,598300
Jun-2002,8180,6610,10020,24810,260800,0,0,339400,397600,403300,625000
Jul-2002,7590,7570,25790,40950,342900,0,0,418200,397900,402000,802000
Aug-2002,8230,7200,11940,27370,292300,0,0,371900,402600,401900,691600
Sep-2002,7570,7010,10680,25250,308300,0,0,358600,398900,403000,692100
Oct-2002,6780,7360,13300,27450,372500,0,0,428900,420700,404100,828800
Nov-2002,7210,8520,9780,25500,252400,0,0,437000,407300,403600,714900
Dec-2002,7250,14790,9200,31230,204600,0,0,534000,400000,402100,769800
Jan-2003,7870,8610,24690,41170,401100,0,0,396600,402500,399200,838900
Feb-2003,7310,7310,35040,49670,243500,0,0,427500,399000,396100,720600
Mar-2003,8410,7370,15360,31140,249200,0,0,392500,375300,393800,672800
Apr-2003,8230,7250,9880,25350,227200,0,0,321500,344400,393600,574100
May-2003,8000,5660,8250,21910,205100,0,0,260900,339100,396200,487900
Jun-2003,9470,7140,10190,26810,210800,0,0,308300,366000,401200,545900
Jul-2003,9750,7950,27090,44790,311200,0,0,415500,392400,407600,771500
Aug-2003,9930,7480,11980,29390,283900,0,0,362200,393700,414300,675600
Sep-2003,9010,7700,10810,27510,313900,0,0,385600,433600,420400,727000
Oct-2003,8100,8150,13380,29620,374300,0,0,435300,428200,423900,839300
Nov-2003,8740,8890,10350,27980,272800,0,0,473300,436400,425200,774100
Dec-2003,9080,15330,8710,33110,237800,0,0,566600,433000,424800,837500
Jan-2004,9650,8680,25760,44080,466000,0,0,420200,414300,424000,930200
Feb-2004,8820,7410,38200,54420,305900,0,0,454800,422600,423900,815100
Mar-2004,9330,7180,13910,30420,291300,0,0,432300,418500,425100,754000
Apr-2004,9440,7080,11720,28250,339500,0,0,402800,429800,427200,770600
May-2004,9690,5680,8750,24120,305800,0,0,341300,437100,429700,671200
Jun-2004,10060,6880,10680,27630,310800,0,0,367300,439800,431900,705700
Jul-2004,10200,8170,34940,53320,431700,0,0,467600,435800,433500,952600
Aug-2004,10680,7080,15000,32760,349200,0,0,403100,435500,434900,785000
Sep-2004,10180,7900,13250,31330,387900,0,0,393500,428100,436800,812700
Oct-2004,9700,8090,16300,34090,470300,0,0,447400,437300,439700,951700
Nov-2004,9470,8910,12420,30810,329300,0,0,478000,450800,443700,838200
Dec-2004,10280,15910,11420,37610,290500,0,0,591400,447300,447700,919500
Jan-2005,10890,9040,33600,53530,563400,0,0,456900,475000,450800,1073800
Feb-2005,9780,8510,39750,58040,322300,0,0,498800,449600,452600,879100
Mar-2005,11690,8900,17870,38460,342100,0,0,502100,460900,453500,882600
Apr-2005,10670,7030,15260,32950,370100,0,0,406600,448000,454300,809600
May-2005,9940,5910,12250,28100,329300,0,0,351300,449800,455000,708700
Jun-2005,9970,7250,14870,32100,354300,0,0,377000,450000,455600,763400
Jul-2005,9970,8410,36430,54810,480000,0,0,497000,462200,455800,1031900
Aug-2005,11500,7860,16090,35450,383000,0,0,429300,468000,455100,847800
Sep-2005,11140,8230,15050,34420,446500,0,0,412100,449800,453700,893000
Oct-2005,11050,8340,17770,37160,490300,0,0,461900,455200,452100,989400
Nov-2005,10800,8810,14250,33860,337700,0,0,470700,442700,450900,842200
Dec-2005,11360,16990,12560,40900,304500,0,0,599300,451500,450400,944700
Jan-2006,11370,9290,33900,54550,576500,0,0,461400,465500,450700,1092400
Feb-2006,10960,7850,46180,64990,342900,0,0,485000,456100,451400,892900
Mar-2006,11010,7910,19270,38190,334200,0,0,473400,446200,451600,845900
Apr-2006,11100,7950,16190,35230,379200,0,0,435000,463100,451100,849400
May-2006,10600,5970,13710,30280,349400,0,0,342900,444200,450600,722600
Jun-2006,10740,7530,16900,35170,364800,0,0,379700,457000,450900,779600
Jul-2006,10300,8990,39240,58530,499500,0,0,478200,452100,452000,1036200
Aug-2006,12160,8580,19460,40190,395000,0,0,410200,442800,454100,845400
Sep-2006,11700,8640,18470,38800,446800,0,0,423500,463000,456500,909100
Oct-2006,11470,8790,20880,41130,521500,0,0,472900,469500,458900,1035500
Nov-2006,11460,9620,18260,39340,364500,0,0,490000,463300,461100,893800
Dec-2006,11010,17220,15430,43660,323000,0,0,640900,473400,463000,1007600
Jan-2007,11780,8850,42370,63000,621600,0,0,451000,475100,464300,1135600
Feb-2007,11040,9070,47900,68010,351400,0,0,510200,449800,465000,929600
Mar-2007,12940,9220,26570,48720,376500,0,0,520000,486600,465500,945300
Apr-2007,11180,8010,22080,41270,433500,0,0,434900,470900,466000,909700
May-2007,11440,6510,17360,35320,379900,0,0,364700,463100,466400,780000
Jun-2007,13670,7960,21990,43620,400100,0,0,398000,474000,466900,841600
Jul-2007,10010,8160,45630,63800,539200,446600,449900,482800,461400,467800,1085800
Aug-2007,12830,8910,24310,46050,445500,455500,455000,434800,470200,468800,926300
Sep-2007,11400,8430,21330,41150,481400,456700,460400,434100,477700,469300,956600
Oct-2007,10860,8460,23770,43090,595600,468200,466100,468800,466500,469100,1107600
Nov-2007,12520,9890,20760,43170,421800,476600,471800,499200,474200,467900,964100
Dec-2007,12040,17450,18950,48440,368400,475400,477100,614800,459800,466200,1031700
Jan-2008,12970,9310,49530,71820,695600,483700,481700,440600,462400,464900,1208100
Feb-2008,13440,9300,57080,79810,413300,494900,485300,546400,463000,464500,1039500
Mar-2008,14670,10230,32120,57020,427400,508700,487700,513700,466300,465100,998200
Apr-2008,12490,8930,26790,48200,457300,483600,489100,424300,472100,465900,929800
May-2008,13190,7420,23020,43630,422300,490100,489300,380000,477500,465700,846000
Jun-2008,13090,8950,28400,50430,448400,493800,488500,382500,472800,463800,881300
Jul-2008,11500,8600,52620,72720,560700,475000,487200,530500,507500,460300,1163800
Aug-2008,15470,9160,31600,56240,489100,492900,486300,418800,455500,456200,964100
Sep-2008,13940,9440,28960,52340,506900,480300,486100,400000,440000,452000,959200
Oct-2008,13710,9250,34180,57140,616200,487200,486700,455700,448700,450000,1129100
Nov-2008,14020,10230,29390,53650,438200,492000,487700,470300,446400,450300,962200
Dec-2008,13220,17980,24340,55540,365900,482200,489000,611800,455800,452700,1033300
Jan-2009,14210,10120,61190,85510,701200,491300,490400,451900,446200,456000,1238600
Feb-2009,13960,9190,67440,90600,406600,496100,491900,501800,469800,459400,998900
Mar-2009,13670,9500,35570,58740,408700,481300,494000,486800,464100,461900,954200
Apr-2009,12060,9600,33070,54730,474600,497400,497000,452800,487600,463200,982100
May-2009,11440,7590,25590,44620,439600,502000,501700,372900,466700,463800,857200
Jun-2009,10970,8310,30580,49860,450500,508500,508300,362300,448300,464200,862700
Jul-2009,11180,9390,58960,79530,616500,518000,521300,459000,444200,465100,1155000
Aug-2009,13260,9050,30660,52970,543700,543800,530900,413200,459100,466400,1009800
Sep-2009,12550,9540,25050,47150,560900,539500,540800,437300,470000,468500,1045300
Oct-2009,11610,9700,30750,52060,682200,548500,549900,484800,482100,471000,1219100
Nov-2009,11610,10270,22200,44090,503800,555700,557600,485300,466600,473500,1033100
Dec-2009,11960,18540,20520,51020,438200,574900,563400,649400,477200,475600,1138500
Jan-2010,11470,9450,57510,78430,824900,562800,567000,448700,475000,477300,1352000
Feb-2010,12320,9830,61570,83710,455800,565000,569100,560100,479100,478800,1099700
Mar-2010,12890,9770,32140,54800,482800,582600,571000,526300,485300,480400,1063900
Apr-2010,10790,7880,26580,45240,561700,577300,573400,428900,474000,482600,1035800
May-2010,10550,7090,20340,37980,493000,560700,577200,375000,481100,485300,905900
Jun-2010,10480,8340,24910,43720,517500,584300,582100,403700,498200,488300,964900
Jul-2010,9710,9120,49040,67870,730900,610200,587300,510900,496100,491500,1309700
Aug-2010,11580,9280,26630,47480,591200,592300,592000,451300,495800,494200,1090000
Sep-2010,10840,10290,24350,45480,629800,604500,596200,475700,507300,495900,1151000
Oct-2010,9370,9120,29290,47770,766100,600900,600500,494500,492500,496300,1308300
Nov-2010,9480,9790,24300,43570,537200,601600,605100,518100,496900,495500,1098800
Dec-2010,10040,18170,21640,49850,464500,605900,611000,678400,494800,494000,1192700
Jan-2011,10510,9780,56240,76530,909400,622700,618700,473800,499300,492000,1459700
Feb-2011,10550,9050,64770,84370,516900,630000,627400,565100,490200,489800,1166400
Mar-2011,11610,9160,32620,53390,514400,631300,636000,500100,472700,488100,1067900
Apr-2011,11210,10290,25930,47430,595200,616500,637200,460300,494300,487200,1102900
May-2011,11030,7330,26390,44740,605600,684700,643100,384500,489800,487200,1034900
Jun-2011,11700,8470,25650,45830,563200,629300,647600,387700,480900,488400,996700
Jul-2011,11550,9340,49920,70810,805900,649300,651100,505600,496700,490200,1382300
Aug-2011,12890,9250,28920,51050,636900,649200,653500,467000,494200,492300,1154900
Sep-2011,12730,9420,29530,51680,696000,659500,655200,431000,480100,494400,1178800
Oct-2011,12380,9270,32520,54170,835700,659900,656500,499500,501600,496200,1389300
Nov-2011,12970,10080,27820,50870,584300,661700,658300,522800,500500,497800,1158000
Dec-2011,13920,17920,24220,56060,502400,656700,660600,674800,493900,499000,1233200
Jan-2012,14250,9860,60150,84260,951800,655600,663500,502000,495200,500100,1538000
Feb-2012,14550,9380,67560,91480,577300,681900,667200,565700,510200,501200,1234500
Mar-2012,14680,10090,34450,59220,553100,676400,671300,543800,505900,502300,1156100
Apr-2012,13340,8670,33120,55140,674400,689300,675100,465100,510000,503900,1194600
May-2012,12650,7190,25910,45750,575600,661300,678200,393400,501000,506400,1014800
Jun-2012,13470,9170,32000,54630,622300,694000,680500,420500,520600,510100,1097400
Jul-2012,11750,9600,54760,76100,853400,692900,682600,499900,501800,514500,1429300
Aug-2012,13220,9980,33890,57100,647900,664100,684800,498700,518300,519000,1203700
Sep-2012,12490,10170,34220,56880,720100,682500,687200,475500,527200,522500,1252500
Oct-2012,11950,9750,33850,55550,877800,702600,689600,521000,526400,524400,1454300
Nov-2012,11570,10270,29680,51520,610400,691700,692300,560100,534400,524700,1222100
Dec-2012,12950,18900,27960,59810,542000,699500,695400,721300,528000,523900,1323100
Jan-2013,12380,10000,67970,90350,999400,685500,699600,488700,527400,522800,1578400
Feb-2013,12690,10710,62270,85680,558800,691700,705300,617000,516100,522500,1261400
Mar-2013,14110,10980,39840,64930,585700,709200,712300,588900,527600,523500,1239500
Apr-2013,12820,9070,34080,55970,709300,720400,719500,461500,521500,525900,1226800
May-2013,13180,7240,26820,47240,637300,731900,726000,413300,525100,529100,1097900
Jun-2013,13580,9220,32190,54980,659100,730500,730900,447500,570400,532700,1161600
Jul-2013,11780,10100,56190,78070,902200,739000,734100,530900,537700,536400,1511200
Aug-2013,13600,9990,35750,59330,716100,731500,736300,529300,545200,540400,1304700
Sep-2013,12210,10000,33920,56130,775700,731200,738500,493900,554600,544900,1325700
Oct-2013,12030,9130,35180,56340,933700,756300,740900,542800,547100,549800,1532800
Nov-2013,11370,9980,29070,50410,655300,743400,743800,578100,548200,555000,1283800
Dec-2013,11930,18880,24680,55500,577000,741500,747100,789800,572700,560200,1422300
Jan-2014,11600,10840,61930,84380,1098000,760800,750000,562500,574500,565200,1744900
Feb-2014,11700,9550,67400,88650,612800,745500,752000,637600,572700,569300,1339000
Mar-2014,11720,9400,35800,56910,622400,756100,753300,600800,558500,572600,1280100
Apr-2014,10800,9140,31080,51020,751700,763600,754400,528600,575800,575400,1331200
May-2014,11580,7470,26430,45470,669200,763500,755400,472900,596000,578000,1187500
Jun-2014,10380,8900,29480,48770,672800,751300,756300,457900,574500,580500,1179400
Jul-2014,9620,9900,54340,73860,930600,761800,757400,589600,577500,582700,1594100
Aug-2014,11790,9430,35260,56480,765100,764600,758500,540900,578600,584700,1362400
Sep-2014,10450,9490,30880,50810,808500,766300,759800,521800,583400,586300,1381000
Oct-2014,10280,9330,33470,53080,934700,760900,761800,586700,591500,587900,1574500
Nov-2014,10310,9720,27040,47060,684500,771600,764300,611200,584900,589900,1342800
Dec-2014,11850,18770,24160,54780,588900,758200,766600,811800,595900,592600,1455600
Jan-2015,11270,9750,61650,82670,1150200,779300,768600,547400,590200,596000,1780400
Feb-2015,12000,10760,59850,82610,607300,753600,770000,726100,602000,599600,1416000
Mar-2015,13330,10960,38350,62640,646300,783700,771000,679300,621000,602900,1388200
Apr-2015,11690,8820,31130,51650,763600,774300,772200,550200,608200,605800,1365400
May-2015,11950,7940,24620,44500,684900,774000,774500,485700,608600,608600,1215100
Jun-2015,10580,9140,27810,47530,697900,787300,778400,488200,619900,612000,1233600
Jul-2015,9370,10080,57940,77390,940500,768300,783900,628300,611800,616800,1646100
Aug-2015,11740,9690,33510,54940,790400,798200,790200,574100,618600,623300,1419500
Sep-2015,10140,9730,30150,50010,834900,793100,795900,572000,637300,631200,1456900
Oct-2015,9370,9670,34290,53330,971300,790300,800400,625800,630000,639600,1650400
Nov-2015,9560,10580,27650,47800,705400,802900,803400,671500,649600,647700,1424700
Dec-2015,10390,20520,24200,55120,627800,808500,805000,901300,661900,655100,1584200
Jan-2016,10070,10360,61000,81430,1209200,810300,805600,617700,662300,661500,1908300
Feb-2016,10830,10900,71640,93380,668100,800800,806100,798600,644800,667200,1560100
Mar-2016,12070,11720,34600,58400,664200,809500,806000,757300,677400,672100,1479900
Apr-2016,11310,9280,30080,50670,812500,815300,809300,610500,684900,676700,1473700
May-2016,11710,8010,24550,44260,719300,809000,814600,541300,680400,680400,1304800
Jun-2016,10930,10270,28700,49900,721900,821000,820600,555100,697400,684200,1326800
Jul-2016,10570,11060,67090,88720,1024600,836800,826600,715800,692500,688300,1829100
Aug-2016,13430,10300,33340,57060,822300,836500,831900,632100,683700,692700,1511500
Sep-2016,11680,10740,34110,56530,883800,844100,837000,647000,715200,697700,1587300
Oct-2016,11090,10760,36460,58310,1024600,839500,842300,695900,704000,702500,1778900
Nov-2016,11170,11070,30120,52360,738700,839700,848200,721800,697800,707000,1512900
Dec-2016,11710,21700,26140,59540,680600,869100,855300,976100,708800,710800,1716300
Jan-2017,9680,12010,60290,81980,1260400,854800,862900,724000,706300,714400,2066300
Feb-2017,11960,11150,81960,105080,738700,901300,869600,787600,733100,718000,1631400
Mar-2017,11690,11520,36820,60020,690400,854300,874200,772200,715400,722000,1522700
Apr-2017,10820,11210,33810,55840,893900,891400,876800,700000,762800,726500,1649800
May-2017,10560,8610,26860,46020,776000,880300,877800,579100,734100,730800,1401100
Jun-2017,9330,10500,32110,51940,763200,872400,877900,606000,733700,734800,1421100
Jul-2017,8260,11180,72510,91950,1070700,874700,877700,746400,744100,738200,1909100
Aug-2017,10250,11020,36220,57490,863200,874800,877600,702900,741800,741000,1623600
Sep-2017,9990,10950,35450,56390,946200,896800,878200,663600,740100,743500,1666100
Oct-2017,8800,10660,40110,59570,1078700,888500,879700,741400,751400,746200,1879600
Nov-2017,9140,11000,31840,51990,773100,885700,882600,777100,747400,749500,1602200
Dec-2017,9280,20960,29080,59310,680800,871700,887300,1015000,735700,753100,1755100
Jan-2018,9120,11370,70680,91160,1337000,896900,894000,702600,764400,756800,2130700
Feb-2018,9350,11820,84440,105610,709000,885200,902000,914500,759800,759900,1729200
Mar-2018,10990,12410,45850,69240,740700,914700,910100,872400,784400,762600,1682300
Apr-2018,9390,9640,40450,59480,929000,925600,916400,679800,777300,764600,1668300
May-2018,9360,8790,30550,48700,822200,924500,920500,609400,765400,766200,1480400
Jun-2018,8970,10440,38230,57640,808700,913400,922900,646700,778200,767700,1513000
Jul-2018,8310,11370,82230,101900,1133600,929800,924700,774400,771500,769300,2009900
Aug-2018,10420,11010,39240,60670,916200,933800,927000,741700,775100,771300,1718600
Sep-2018,8490,10860,38470,57820,974000,917900,929900,690200,767400,773300,1722000
Oct-2018,7710,10900,43350,61960,1147800,944600,933000,754000,769100,774800,1963700
Nov-2018,7410,11330,36760,55490,810300,929200,935100,802200,762200,775700,1668000
Dec-2018,8150,21690,33050,62890,732800,936700,935200,1057900,769500,776200,1853600
Jan-2019,7990,11430,74490,93910,1392800,943100,933900,731100,779500,776800,2217900
Feb-2019,8600,11420,95080,115100,746100,921000,932200,927200,796100,778100,1788400
Mar-2019,9280,10980,50030,70280,753500,922700,931300,836300,778500,780500,1660100
Apr-2019,7780,10740,39070,57590,916400,918800,932200,700400,783100,784100,1674400
May-2019,9690,9500,34130,53320,866300,974600,935000,668300,823700,788400,1587900
Jun-2019,9060,10160,40620,59840,841900,948400,939000,660300,802000,792000,1562100
Jul-2019,7720,11220,76870,95810,1122600,931700,943900,790400,793700,794100,2008800
Aug-2019,9660,11880,40960,62500,931000,944500,949000,789200,808700,794200,1782700
Sep-2019,7520,10630,40170,58320,992800,947400,953800,695000,782400,792800,1746100
Oct-2019,7280,10770,41140,59190,1146000,943700,958300,774000,776600,790800,1979200
Nov-2019,7670,11600,36940,56210,849800,970300,962200,815900,777200,789000,1721900
Dec-2019,7810,21850,32250,61910,749700,963500,965800,1077700,786600,788200,1889300
Jan-2020,7810,11900,73560,93270,1397400,956200,969400,766600,739600,788900,2257300
Feb-2020,7780,11140,78920,97840,785400,928500,,685400,647000,,1568600
